小时,行为数,占比,累计占比
0,3402200,3.40,3.40
1,1581628,1.58,4.98
2,855227,0.85,5.83
3,583954,0.58,6.42
4,499706,0.50,6.92
5,646085,0.65,7.56
6,1366496,1.37,8.93
7,2488350,2.49,11.41
8,3403016,3.40,14.81
9,4182498,4.18,18.99
10,4877458,4.87,23.86
11,4741809,4.74,28.60
12,4771058,4.77,33.37
13,5208034,5.20,38.57
14,5189882,5.18,43.76
15,5365029,5.36,49.12
16,5151948,5.15,54.26
17,4697671,4.69,58.96
18,4795878,4.79,63.75
19,6021741,6.02,69.76
20,7304809,7.30,77.06
21,8369714,8.36,85.42
22,8299812,8.29,93.71
23,6291228,6.29,100.00
