基准日,基准活跃用户,Day1,Day2,Day3,Day4,Day5,Day6,Day7,Day1率,Day2率,Day3率,Day4率,Day5率,Day6率,Day7率
2017-11-25,706641,557328.0,542838.0,536463.0,537610.0,541422.0,546087.0,696406.0,78.87,76.82,75.92,76.08,76.62,77.28,98.55
2017-11-26,715516,556179.0,546072.0,546554.0,548622.0,552229.0,705110.0,703159.0,77.73,76.32,76.39,76.68,77.18,98.55,98.27
2017-11-27,710094,557310.0,553752.0,553708.0,553836.0,699610.0,697696.0,,78.48,77.98,77.98,77.99,98.52,98.25,
2017-11-28,709257,561269.0,557792.0,555924.0,698746.0,696927.0,,,79.13,78.64,78.38,98.52,98.26,,
2017-11-29,718922,571944.0,566737.0,708136.0,706554.0,,,,79.56,78.83,98.5,98.28,,,
2017-11-30,730597,581754.0,719275.0,717723.0,,,,,79.63,98.45,98.24,,,,
2017-12-01,740139,727168.0,727110.0,,,,,,98.25,98.24,,,,,
2017-12-02,970401,950784.0,,,,,,,97.98,,,,,,
2017-12-03,966977,,,,,,,,,,,,,,
